3240,TomTaw.eWordAutomaticTeller.VLCPlayer.exe,2020-07-03 17:00:40,0.0,3.8460981878778497,134.96484375
3240,TomTaw.eWordAutomaticTeller.VLCPlayer.exe,2020-07-03 17:00:44,6.0,3.8558940444531515,135.30859375
3240,TomTaw.eWordAutomaticTeller.VLCPlayer.exe,2020-07-03 17:00:52,3.0,3.8721462610439934,135.87890625
3240,TomTaw.eWordAutomaticTeller.VLCPlayer.exe,2020-07-03 17:00:56,3.9,3.8773781389876207,136.0625
3240,TomTaw.eWordAutomaticTeller.VLCPlayer.exe,2020-07-03 17:01:03,4.8,3.889177693498779,136.4765625
3240,TomTaw.eWordAutomaticTeller.VLCPlayer.exe,2020-07-03 17:01:08,1.8,3.8968585355862317,136.74609375
3240,TomTaw.eWordAutomaticTeller.VLCPlayer.exe,2020-07-03 17:01:15,5.5,3.9153370832169148,137.39453125
3240,TomTaw.eWordAutomaticTeller.VLCPlayer.exe,2020-07-03 17:01:20,2.8,3.9153370832169148,137.39453125
3240,TomTaw.eWordAutomaticTeller.VLCPlayer.exe,2020-07-03 17:01:28,3.1,3.9143352342489863,137.359375
3240,TomTaw.eWordAutomaticTeller.VLCPlayer.exe,2020-07-03 17:01:35,4.4,3.9143352342489863,137.359375
3240,TomTaw.eWordAutomaticTeller.VLCPlayer.exe,2020-07-03 17:01:40,4.3,3.9143352342489863,137.359375
3240,TomTaw.eWordAutomaticTeller.VLCPlayer.exe,2020-07-03 17:01:48,2.8,3.9135560183850413,137.33203125
3240,TomTaw.eWordAutomaticTeller.VLCPlayer.exe,2020-07-03 17:01:52,6.0,3.9135560183850413,137.33203125
3240,TomTaw.eWordAutomaticTeller.VLCPlayer.exe,2020-07-03 17:02:00,3.0,3.9222387094404225,137.63671875
3240,TomTaw.eWordAutomaticTeller.VLCPlayer.exe,2020-07-03 17:02:05,3.2,3.9222387094404225,137.63671875
3240,TomTaw.eWordAutomaticTeller.VLCPlayer.exe,2020-07-03 17:02:13,5.3,3.9222387094404225,137.63671875
3240,TomTaw.eWordAutomaticTeller.VLCPlayer.exe,2020-07-03 17:02:18,3.9,3.789994645673849,132.99609375
3240,TomTaw.eWordAutomaticTeller.VLCPlayer.exe,2020-07-03 17:02:25,4.8,3.818157733327842,133.984375
3240,TomTaw.eWordAutomaticTeller.VLCPlayer.exe,2020-07-03 17:02:29,5.0,3.8345212664706754,134.55859375
3240,TomTaw.eWordAutomaticTeller.VLCPlayer.exe,2020-07-03 17:02:37,2.4,3.8584543251489696,135.3984375
3240,TomTaw.eWordAutomaticTeller.VLCPlayer.exe,2020-07-03 17:02:41,6.4,3.8645767355085328,135.61328125
3240,TomTaw.eWordAutomaticTeller.VLCPlayer.exe,2020-07-03 17:02:49,2.2,3.8800497362354305,136.15625
3240,TomTaw.eWordAutomaticTeller.VLCPlayer.exe,2020-07-03 17:02:53,5.0,3.888398477634835,136.44921875
3240,TomTaw.eWordAutomaticTeller.VLCPlayer.exe,2020-07-03 17:03:00,5.1,3.9011998811139224,136.8984375
3240,TomTaw.eWordAutomaticTeller.VLCPlayer.exe,2020-07-03 17:03:05,0.0,3.9045393776736845,137.015625
3240,TomTaw.eWordAutomaticTeller.VLCPlayer.exe,2020-07-03 17:03:13,4.3,3.9266913715201053,137.79296875
3240,TomTaw.eWordAutomaticTeller.VLCPlayer.exe,2020-07-03 17:03:17,1.8,3.931032717047796,137.9453125
3240,TomTaw.eWordAutomaticTeller.VLCPlayer.exe,2020-07-03 17:03:24,4.0,3.931032717047796,137.9453125
3240,TomTaw.eWordAutomaticTeller.VLCPlayer.exe,2020-07-03 17:03:29,5.7,3.9302535011838517,137.91796875
3240,TomTaw.eWordAutomaticTeller.VLCPlayer.exe,2020-07-03 17:03:36,2.5,3.9302535011838517,137.91796875
3240,TomTaw.eWordAutomaticTeller.VLCPlayer.exe,2020-07-03 17:03:43,3.7,3.9302535011838517,137.91796875
3240,TomTaw.eWordAutomaticTeller.VLCPlayer.exe,2020-07-03 17:03:47,5.7,3.9302535011838517,137.91796875
3240,TomTaw.eWordAutomaticTeller.VLCPlayer.exe,2020-07-03 17:03:54,3.5,3.9299195515278753,137.90625
3240,TomTaw.eWordAutomaticTeller.VLCPlayer.exe,2020-07-03 17:04:01,5.6,3.9397154081031767,138.25
3240,TomTaw.eWordAutomaticTeller.VLCPlayer.exe,2020-07-03 17:04:06,3.2,3.9397154081031767,138.25
3240,TomTaw.eWordAutomaticTeller.VLCPlayer.exe,2020-07-03 17:04:13,3.7,3.9397154081031767,138.25
3240,TomTaw.eWordAutomaticTeller.VLCPlayer.exe,2020-07-03 17:04:18,4.6,3.8714783617320414,135.85546875
3240,TomTaw.eWordAutomaticTeller.VLCPlayer.exe,2020-07-03 17:04:25,7.3,3.863463569988612,135.57421875
3240,TomTaw.eWordAutomaticTeller.VLCPlayer.exe,2020-07-03 17:04:29,3.9,3.8799384196834383,136.15234375
3240,TomTaw.eWordAutomaticTeller.VLCPlayer.exe,2020-07-03 17:04:37,2.3,3.8959680031702955,136.71484375
3240,TomTaw.eWordAutomaticTeller.VLCPlayer.exe,2020-07-03 17:04:41,5.3,3.902313046633843,136.9375
3240,TomTaw.eWordAutomaticTeller.VLCPlayer.exe,2020-07-03 17:04:49,3.9,3.9188992128806612,137.51953125
3240,TomTaw.eWordAutomaticTeller.VLCPlayer.exe,2020-07-03 17:04:53,4.6,3.9261347887601454,137.7734375
3240,TomTaw.eWordAutomaticTeller.VLCPlayer.exe,2020-07-03 17:05:02,4.3,3.9411625232790737,138.30078125
3240,TomTaw.eWordAutomaticTeller.VLCPlayer.exe,2020-07-03 17:05:07,1.4,3.946394401222701,138.484375
3240,TomTaw.eWordAutomaticTeller.VLCPlayer.exe,2020-07-03 17:05:14,4.2,3.967210596445217,139.21484375
3240,TomTaw.eWordAutomaticTeller.VLCPlayer.exe,2020-07-03 17:05:19,0.6,3.958639221941828,138.9140625
3240,TomTaw.eWordAutomaticTeller.VLCPlayer.exe,2020-07-03 17:05:24,3.5,3.958639221941828,138.9140625
3240,TomTaw.eWordAutomaticTeller.VLCPlayer.exe,2020-07-03 17:05:28,4.2,3.957748689525892,138.8828125
3240,TomTaw.eWordAutomaticTeller.VLCPlayer.exe,2020-07-03 17:05:36,3.8,3.957748689525892,138.8828125
3240,TomTaw.eWordAutomaticTeller.VLCPlayer.exe,2020-07-03 17:05:41,4.8,3.957748689525892,138.8828125
3240,TomTaw.eWordAutomaticTeller.VLCPlayer.exe,2020-07-03 17:05:46,1.6,3.957748689525892,138.8828125
3240,TomTaw.eWordAutomaticTeller.VLCPlayer.exe,2020-07-03 17:05:50,5.6,3.9573034233179234,138.8671875
3240,TomTaw.eWordAutomaticTeller.VLCPlayer.exe,2020-07-03 17:05:57,3.0,3.965540848165336,139.15625
3240,TomTaw.eWordAutomaticTeller.VLCPlayer.exe,2020-07-03 17:06:02,6.0,3.965540848165336,139.15625
3240,TomTaw.eWordAutomaticTeller.VLCPlayer.exe,2020-07-03 17:06:10,4.3,3.9645389991974076,139.12109375
3240,TomTaw.eWordAutomaticTeller.VLCPlayer.exe,2020-07-03 17:06:14,1.4,3.9645389991974076,139.12109375
3240,TomTaw.eWordAutomaticTeller.VLCPlayer.exe,2020-07-03 17:06:22,5.6,3.850884799613509,135.1328125
3240,TomTaw.eWordAutomaticTeller.VLCPlayer.exe,2020-07-03 17:06:26,1.8,3.867804915516303,135.7265625
3240,TomTaw.eWordAutomaticTeller.VLCPlayer.exe,2020-07-03 17:06:35,4.7,3.8904021755706926,136.51953125
3240,TomTaw.eWordAutomaticTeller.VLCPlayer.exe,2020-07-03 17:06:39,4.9,3.898528283866113,136.8046875
3240,TomTaw.eWordAutomaticTeller.VLCPlayer.exe,2020-07-03 17:06:47,3.8,3.91344470183305,137.328125
3240,TomTaw.eWordAutomaticTeller.VLCPlayer.exe,2020-07-03 17:06:51,6.0,3.9231292418563593,137.66796875
3240,TomTaw.eWordAutomaticTeller.VLCPlayer.exe,2020-07-03 17:06:59,2.1,3.933592997743614,138.03515625
3240,TomTaw.eWordAutomaticTeller.VLCPlayer.exe,2020-07-03 17:07:03,4.2,3.9419417391430187,138.328125
3240,TomTaw.eWordAutomaticTeller.VLCPlayer.exe,2020-07-03 17:07:11,6.2,3.9598637040137405,138.95703125
3240,TomTaw.eWordAutomaticTeller.VLCPlayer.exe,2020-07-03 17:07:16,0.7,3.970327459900995,139.32421875
3240,TomTaw.eWordAutomaticTeller.VLCPlayer.exe,2020-07-03 17:07:24,3.9,3.9693256109330664,139.2890625
3240,TomTaw.eWordAutomaticTeller.VLCPlayer.exe,2020-07-03 17:07:28,5.6,3.9684350785171296,139.2578125
3240,TomTaw.eWordAutomaticTeller.VLCPlayer.exe,2020-07-03 17:07:35,3.2,3.9684350785171296,139.2578125
3240,TomTaw.eWordAutomaticTeller.VLCPlayer.exe,2020-07-03 17:07:40,6.0,3.9684350785171296,139.2578125
3240,TomTaw.eWordAutomaticTeller.VLCPlayer.exe,2020-07-03 17:07:47,1.8,3.968657711621114,139.265625
3240,TomTaw.eWordAutomaticTeller.VLCPlayer.exe,2020-07-03 17:07:51,5.7,3.9683237619651384,139.25390625
3240,TomTaw.eWordAutomaticTeller.VLCPlayer.exe,2020-07-03 17:07:58,3.2,3.976561186812551,139.54296875
3240,TomTaw.eWordAutomaticTeller.VLCPlayer.exe,2020-07-03 17:08:03,4.9,3.976561186812551,139.54296875
3240,TomTaw.eWordAutomaticTeller.VLCPlayer.exe,2020-07-03 17:08:10,4.5,3.976561186812551,139.54296875
3240,TomTaw.eWordAutomaticTeller.VLCPlayer.exe,2020-07-03 17:08:14,1.4,3.976561186812551,139.54296875
3240,TomTaw.eWordAutomaticTeller.VLCPlayer.exe,2020-07-03 17:08:22,7.4,3.865689901028454,135.65234375
3240,TomTaw.eWordAutomaticTeller.VLCPlayer.exe,2020-07-03 17:08:26,3.9,3.8809402686513663,136.1875
3240,TomTaw.eWordAutomaticTeller.VLCPlayer.exe,2020-07-03 17:08:33,4.5,3.9027583128418115,136.953125
3240,TomTaw.eWordAutomaticTeller.VLCPlayer.exe,2020-07-03 17:08:38,1.4,3.911997586657153,137.27734375
3240,TomTaw.eWordAutomaticTeller.VLCPlayer.exe,2020-07-03 17:08:45,5.9,3.9253555728962004,137.74609375
3240,TomTaw.eWordAutomaticTeller.VLCPlayer.exe,2020-07-03 17:08:50,0.9,3.936153278439431,138.125
3240,TomTaw.eWordAutomaticTeller.VLCPlayer.exe,2020-07-03 17:08:55,4.2,3.9422756887989947,138.33984375
3240,TomTaw.eWordAutomaticTeller.VLCPlayer.exe,2020-07-03 17:08:59,2.5,3.9487320488145343,138.56640625
3240,TomTaw.eWordAutomaticTeller.VLCPlayer.exe,2020-07-03 17:09:06,3.5,3.9606429198776856,138.984375
3240,TomTaw.eWordAutomaticTeller.VLCPlayer.exe,2020-07-03 17:09:11,4.6,3.970327459900995,139.32421875
3240,TomTaw.eWordAutomaticTeller.VLCPlayer.exe,2020-07-03 17:09:18,2.4,3.984353345451995,139.81640625
3240,TomTaw.eWordAutomaticTeller.VLCPlayer.exe,2020-07-03 17:09:23,6.4,3.984353345451995,139.81640625
3240,TomTaw.eWordAutomaticTeller.VLCPlayer.exe,2020-07-03 17:09:31,3.8,3.983574129588051,139.7890625
3240,TomTaw.eWordAutomaticTeller.VLCPlayer.exe,2020-07-03 17:09:35,3.5,3.983574129588051,139.7890625
3240,TomTaw.eWordAutomaticTeller.VLCPlayer.exe,2020-07-03 17:09:43,5.3,3.983574129588051,139.7890625
3240,TomTaw.eWordAutomaticTeller.VLCPlayer.exe,2020-07-03 17:09:47,3.5,3.983574129588051,139.7890625
3240,TomTaw.eWordAutomaticTeller.VLCPlayer.exe,2020-07-03 17:09:56,3.8,3.9915889213314792,140.0703125
3240,TomTaw.eWordAutomaticTeller.VLCPlayer.exe,2020-07-03 17:10:00,7.4,3.9915889213314792,140.0703125
3240,TomTaw.eWordAutomaticTeller.VLCPlayer.exe,2020-07-03 17:10:08,2.7,3.9915889213314792,140.0703125
3240,TomTaw.eWordAutomaticTeller.VLCPlayer.exe,2020-07-03 17:10:12,6.0,3.994705784787257,140.1796875
3240,TomTaw.eWordAutomaticTeller.VLCPlayer.exe,2020-07-03 17:10:20,5.1,3.8084731933045317,133.64453125
3240,TomTaw.eWordAutomaticTeller.VLCPlayer.exe,2020-07-03 17:10:24,2.8,3.827508323695175,134.3125
3240,TomTaw.eWordAutomaticTeller.VLCPlayer.exe,2020-07-03 17:10:31,6.3,3.8397531444143027,134.7421875
3240,TomTaw.eWordAutomaticTeller.VLCPlayer.exe,2020-07-03 17:10:36,1.8,3.8573411596290486,135.359375
3240,TomTaw.eWordAutomaticTeller.VLCPlayer.exe,2020-07-03 17:10:43,5.2,3.870476512764112,135.8203125
3240,TomTaw.eWordAutomaticTeller.VLCPlayer.exe,2020-07-03 17:10:51,6.7,3.8877305783228824,136.42578125
3240,TomTaw.eWordAutomaticTeller.VLCPlayer.exe,2020-07-03 17:10:55,1.4,3.8927398231625254,136.6015625
3240,TomTaw.eWordAutomaticTeller.VLCPlayer.exe,2020-07-03 17:11:03,4.4,3.9064317590575492,137.08203125
3240,TomTaw.eWordAutomaticTeller.VLCPlayer.exe,2020-07-03 17:11:08,2.8,3.912776802521097,137.3046875
3240,TomTaw.eWordAutomaticTeller.VLCPlayer.exe,2020-07-03 17:11:16,4.1,3.934817479815526,138.078125
3240,TomTaw.eWordAutomaticTeller.VLCPlayer.exe,2020-07-03 17:11:20,5.0,3.934372213607558,138.0625
3240,TomTaw.eWordAutomaticTeller.VLCPlayer.exe,2020-07-03 17:11:28,3.1,3.933704314295606,138.0390625
3240,TomTaw.eWordAutomaticTeller.VLCPlayer.exe,2020-07-03 17:11:33,2.1,3.933704314295606,138.0390625
3240,TomTaw.eWordAutomaticTeller.VLCPlayer.exe,2020-07-03 17:11:40,5.6,3.933704314295606,138.0390625
3240,TomTaw.eWordAutomaticTeller.VLCPlayer.exe,2020-07-03 17:11:44,1.1,3.933036414983653,138.015625
3240,TomTaw.eWordAutomaticTeller.VLCPlayer.exe,2020-07-03 17:11:54,4.6,3.9340382639515816,138.05078125
3240,TomTaw.eWordAutomaticTeller.VLCPlayer.exe,2020-07-03 17:11:59,6.3,3.942387005350987,138.34375
3240,TomTaw.eWordAutomaticTeller.VLCPlayer.exe,2020-07-03 17:12:07,3.3,3.942387005350987,138.34375
3240,TomTaw.eWordAutomaticTeller.VLCPlayer.exe,2020-07-03 17:12:11,4.2,3.942387005350987,138.34375
3240,TomTaw.eWordAutomaticTeller.VLCPlayer.exe,2020-07-03 17:12:19,6.0,3.814150337456127,133.84375
3240,TomTaw.eWordAutomaticTeller.VLCPlayer.exe,2020-07-03 17:12:24,3.2,3.8428700078700797,134.8515625
3240,TomTaw.eWordAutomaticTeller.VLCPlayer.exe,2020-07-03 17:12:28,1.6,3.8506621665095246,135.125
3240,TomTaw.eWordAutomaticTeller.VLCPlayer.exe,2020-07-03 17:12:33,5.6,3.8683614982762635,135.74609375
3240,TomTaw.eWordAutomaticTeller.VLCPlayer.exe,2020-07-03 17:12:42,4.7,3.8847250314190966,136.3203125
3240,TomTaw.eWordAutomaticTeller.VLCPlayer.exe,2020-07-03 17:12:47,2.1,3.8944095714424067,136.66015625
3240,TomTaw.eWordAutomaticTeller.VLCPlayer.exe,2020-07-03 17:12:54,4.3,3.9089920397533673,137.171875
3240,TomTaw.eWordAutomaticTeller.VLCPlayer.exe,2020-07-03 17:12:59,1.9,3.9156710328728908,137.40625
3240,TomTaw.eWordAutomaticTeller.VLCPlayer.exe,2020-07-03 17:13:03,2.9,3.924353723928272,137.7109375
3240,TomTaw.eWordAutomaticTeller.VLCPlayer.exe,2020-07-03 17:13:08,4.6,3.9304761342878356,137.92578125
3240,TomTaw.eWordAutomaticTeller.VLCPlayer.exe,2020-07-03 17:13:16,3.6,3.95173759571832,138.671875
3240,TomTaw.eWordAutomaticTeller.VLCPlayer.exe,2020-07-03 17:13:21,7.0,3.95173759571832,138.671875
3240,TomTaw.eWordAutomaticTeller.VLCPlayer.exe,2020-07-03 17:13:29,3.0,3.951069696406368,138.6484375
3240,TomTaw.eWordAutomaticTeller.VLCPlayer.exe,2020-07-03 17:13:33,3.9,3.951069696406368,138.6484375
3240,TomTaw.eWordAutomaticTeller.VLCPlayer.exe,2020-07-03 17:13:40,5.5,3.951069696406368,138.6484375
3240,TomTaw.eWordAutomaticTeller.VLCPlayer.exe,2020-07-03 17:13:45,1.1,3.951069696406368,138.6484375
3240,TomTaw.eWordAutomaticTeller.VLCPlayer.exe,2020-07-03 17:13:52,6.7,3.9507357467503916,138.63671875
3240,TomTaw.eWordAutomaticTeller.VLCPlayer.exe,2020-07-03 17:13:56,2.1,3.9591958047017886,138.93359375
3240,TomTaw.eWordAutomaticTeller.VLCPlayer.exe,2020-07-03 17:14:03,4.6,3.9591958047017886,138.93359375
3240,TomTaw.eWordAutomaticTeller.VLCPlayer.exe,2020-07-03 17:14:08,5.3,3.9591958047017886,138.93359375
3240,TomTaw.eWordAutomaticTeller.VLCPlayer.exe,2020-07-03 17:14:15,3.3,3.9591958047017886,138.93359375
3240,TomTaw.eWordAutomaticTeller.VLCPlayer.exe,2020-07-03 17:14:20,4.2,3.832962834742786,134.50390625
3240,TomTaw.eWordAutomaticTeller.VLCPlayer.exe,2020-07-03 17:14:27,4.1,3.8571185265250647,135.3515625
3240,TomTaw.eWordAutomaticTeller.VLCPlayer.exe,2020-07-03 17:14:32,5.3,3.864131469300565,135.59765625
3240,TomTaw.eWordAutomaticTeller.VLCPlayer.exe,2020-07-03 17:14:40,3.9,3.8887324272908113,136.4609375
3240,TomTaw.eWordAutomaticTeller.VLCPlayer.exe,2020-07-03 17:14:44,6.0,3.8980830176581445,136.7890625
3240,TomTaw.eWordAutomaticTeller.VLCPlayer.exe,2020-07-03 17:14:52,4.8,3.9145578673529706,137.3671875
3240,TomTaw.eWordAutomaticTeller.VLCPlayer.exe,2020-07-03 17:14:57,2.8,3.9215708101284705,137.61328125
3240,TomTaw.eWordAutomaticTeller.VLCPlayer.exe,2020-07-03 17:15:05,5.1,3.9338156308475973,138.04296875
3240,TomTaw.eWordAutomaticTeller.VLCPlayer.exe,2020-07-03 17:15:09,4.6,3.9418304225910266,138.32421875
3240,TomTaw.eWordAutomaticTeller.VLCPlayer.exe,2020-07-03 17:15:16,4.3,3.9606429198776856,138.984375
3240,TomTaw.eWordAutomaticTeller.VLCPlayer.exe,2020-07-03 17:15:21,4.6,3.949399948126487,138.58984375
3240,TomTaw.eWordAutomaticTeller.VLCPlayer.exe,2020-07-03 17:15:30,3.3,3.9476188832946137,138.52734375
3240,TomTaw.eWordAutomaticTeller.VLCPlayer.exe,2020-07-03 17:15:37,2.2,3.94850941571055,138.55859375
3240,TomTaw.eWordAutomaticTeller.VLCPlayer.exe,2020-07-03 17:15:42,7.4,3.94850941571055,138.55859375
3240,TomTaw.eWordAutomaticTeller.VLCPlayer.exe,2020-07-03 17:15:50,2.4,3.949177315022503,138.58203125
3240,TomTaw.eWordAutomaticTeller.VLCPlayer.exe,2020-07-03 17:15:54,4.6,3.949177315022503,138.58203125
3240,TomTaw.eWordAutomaticTeller.VLCPlayer.exe,2020-07-03 17:16:02,5.6,3.957748689525892,138.8828125
3240,TomTaw.eWordAutomaticTeller.VLCPlayer.exe,2020-07-03 17:16:06,0.7,3.9578600060778837,138.88671875
3240,TomTaw.eWordAutomaticTeller.VLCPlayer.exe,2020-07-03 17:16:13,6.2,3.96197871850159,139.03125
3240,TomTaw.eWordAutomaticTeller.VLCPlayer.exe,2020-07-03 17:16:18,2.8,3.96197871850159,139.03125
3240,TomTaw.eWordAutomaticTeller.VLCPlayer.exe,2020-07-03 17:16:25,5.3,3.906877025265518,137.09765625
3240,TomTaw.eWordAutomaticTeller.VLCPlayer.exe,2020-07-03 17:16:29,4.6,3.9146691839049628,137.37109375
3240,TomTaw.eWordAutomaticTeller.VLCPlayer.exe,2020-07-03 17:16:38,4.2,3.936709861199391,138.14453125
3240,TomTaw.eWordAutomaticTeller.VLCPlayer.exe,2020-07-03 17:16:43,6.0,3.942720955006963,138.35546875
3240,TomTaw.eWordAutomaticTeller.VLCPlayer.exe,2020-07-03 17:16:50,4.9,3.958639221941828,138.9140625
3240,TomTaw.eWordAutomaticTeller.VLCPlayer.exe,2020-07-03 17:16:55,2.8,3.967321912997209,139.21875
3240,TomTaw.eWordAutomaticTeller.VLCPlayer.exe,2020-07-03 17:17:03,5.4,3.9811251654442255,139.703125
3240,TomTaw.eWordAutomaticTeller.VLCPlayer.exe,2020-07-03 17:17:07,2.8,3.984353345451995,139.81640625
3240,TomTaw.eWordAutomaticTeller.VLCPlayer.exe,2020-07-03 17:17:14,4.7,4.003277159290646,140.48046875
3240,TomTaw.eWordAutomaticTeller.VLCPlayer.exe,2020-07-03 17:17:19,4.2,4.008731670338258,140.671875
3240,TomTaw.eWordAutomaticTeller.VLCPlayer.exe,2020-07-03 17:17:26,4.2,4.007841137922321,140.640625
3240,TomTaw.eWordAutomaticTeller.VLCPlayer.exe,2020-07-03 17:17:31,8.1,4.007841137922321,140.640625
3240,TomTaw.eWordAutomaticTeller.VLCPlayer.exe,2020-07-03 17:17:38,2.4,4.008731670338258,140.671875
3240,TomTaw.eWordAutomaticTeller.VLCPlayer.exe,2020-07-03 17:17:42,4.9,4.008731670338258,140.671875
3240,TomTaw.eWordAutomaticTeller.VLCPlayer.exe,2020-07-03 17:17:50,5.8,4.009844835858178,140.7109375
3240,TomTaw.eWordAutomaticTeller.VLCPlayer.exe,2020-07-03 17:17:55,1.1,4.009844835858178,140.7109375
3240,TomTaw.eWordAutomaticTeller.VLCPlayer.exe,2020-07-03 17:18:02,5.0,4.017191728289655,140.96875
3240,TomTaw.eWordAutomaticTeller.VLCPlayer.exe,2020-07-03 17:18:06,2.8,4.01852752691356,141.015625
3240,TomTaw.eWordAutomaticTeller.VLCPlayer.exe,2020-07-03 17:18:13,4.1,4.019195426225512,141.0390625
3240,TomTaw.eWordAutomaticTeller.VLCPlayer.exe,2020-07-03 17:18:18,2.2,4.019195426225512,141.0390625
3240,TomTaw.eWordAutomaticTeller.VLCPlayer.exe,2020-07-03 17:18:23,5.1,3.8981943342101366,136.79296875
3240,TomTaw.eWordAutomaticTeller.VLCPlayer.exe,2020-07-03 17:18:27,4.6,3.9144465508009785,137.36328125
3240,TomTaw.eWordAutomaticTeller.VLCPlayer.exe,2020-07-03 17:18:36,4.9,3.928361119799986,137.8515625
3240,TomTaw.eWordAutomaticTeller.VLCPlayer.exe,2020-07-03 17:18:40,1.8,3.9362645949914232,138.12890625
3240,TomTaw.eWordAutomaticTeller.VLCPlayer.exe,2020-07-03 17:18:47,5.1,3.9511810129583593,138.65234375
3240,TomTaw.eWordAutomaticTeller.VLCPlayer.exe,2020-07-03 17:18:52,4.6,3.9611995026376454,139.00390625
3240,TomTaw.eWordAutomaticTeller.VLCPlayer.exe,2020-07-03 17:19:00,2.4,3.972553790940837,139.40234375
3240,TomTaw.eWordAutomaticTeller.VLCPlayer.exe,2020-07-03 17:19:04,5.6,3.9809025323402416,139.6953125
3240,TomTaw.eWordAutomaticTeller.VLCPlayer.exe,2020-07-03 17:19:11,3.1,3.992590770299408,140.10546875
3240,TomTaw.eWordAutomaticTeller.VLCPlayer.exe,2020-07-03 17:19:16,5.3,4.0067279724024,140.6015625
3240,TomTaw.eWordAutomaticTeller.VLCPlayer.exe,2020-07-03 17:19:22,3.6,4.008286404130289,140.65625
3240,TomTaw.eWordAutomaticTeller.VLCPlayer.exe,2020-07-03 17:19:29,5.5,4.008286404130289,140.65625
3240,TomTaw.eWordAutomaticTeller.VLCPlayer.exe,2020-07-03 17:19:36,3.7,4.008286404130289,140.65625
3240,TomTaw.eWordAutomaticTeller.VLCPlayer.exe,2020-07-03 17:19:41,3.9,4.008286404130289,140.65625
3240,TomTaw.eWordAutomaticTeller.VLCPlayer.exe,2020-07-03 17:19:49,4.0,4.007284555162361,140.62109375
3240,TomTaw.eWordAutomaticTeller.VLCPlayer.exe,2020-07-03 17:19:53,6.0,4.006839288954392,140.60546875
3240,TomTaw.eWordAutomaticTeller.VLCPlayer.exe,2020-07-03 17:20:01,4.6,4.007507188266344,140.62890625
3240,TomTaw.eWordAutomaticTeller.VLCPlayer.exe,2020-07-03 17:20:06,4.2,4.007507188266344,140.62890625
3240,TomTaw.eWordAutomaticTeller.VLCPlayer.exe,2020-07-03 17:20:13,3.9,4.007507188266344,140.62890625
3240,TomTaw.eWordAutomaticTeller.VLCPlayer.exe,2020-07-03 17:20:17,2.5,3.9962642165151463,140.234375
3240,TomTaw.eWordAutomaticTeller.VLCPlayer.exe,2020-07-03 17:20:26,5.2,3.88594951349101,136.36328125
3240,TomTaw.eWordAutomaticTeller.VLCPlayer.exe,2020-07-03 17:20:31,4.9,3.894743521098383,136.671875
3240,TomTaw.eWordAutomaticTeller.VLCPlayer.exe,2020-07-03 17:20:38,5.1,3.909325989409343,137.18359375
3240,TomTaw.eWordAutomaticTeller.VLCPlayer.exe,2020-07-03 17:20:42,0.7,3.9167841983928113,137.4453125
3240,TomTaw.eWordAutomaticTeller.VLCPlayer.exe,2020-07-03 17:20:50,5.4,3.929696918423891,137.8984375
3240,TomTaw.eWordAutomaticTeller.VLCPlayer.exe,2020-07-03 17:20:54,1.8,3.9418304225910266,138.32421875
3240,TomTaw.eWordAutomaticTeller.VLCPlayer.exe,2020-07-03 17:21:02,3.6,3.9540752433101534,138.75390625
3240,TomTaw.eWordAutomaticTeller.VLCPlayer.exe,2020-07-03 17:21:06,5.7,3.958305272285852,138.90234375
3240,TomTaw.eWordAutomaticTeller.VLCPlayer.exe,2020-07-03 17:21:15,3.3,3.9802346330282887,139.671875
3240,TomTaw.eWordAutomaticTeller.VLCPlayer.exe,2020-07-03 17:21:19,4.6,3.9845759785559793,139.82421875
3240,TomTaw.eWordAutomaticTeller.VLCPlayer.exe,2020-07-03 17:21:27,5.6,3.983796762692035,139.796875
3240,TomTaw.eWordAutomaticTeller.VLCPlayer.exe,2020-07-03 17:21:34,2.9,3.9827949137241068,139.76171875
3240,TomTaw.eWordAutomaticTeller.VLCPlayer.exe,2020-07-03 17:21:39,4.6,3.9827949137241068,139.76171875
3240,TomTaw.eWordAutomaticTeller.VLCPlayer.exe,2020-07-03 17:21:46,5.1,3.9827949137241068,139.76171875
3240,TomTaw.eWordAutomaticTeller.VLCPlayer.exe,2020-07-03 17:21:51,2.5,3.9825722806201225,139.75390625
3240,TomTaw.eWordAutomaticTeller.VLCPlayer.exe,2020-07-03 17:21:58,5.4,3.9948171013392493,140.18359375
3240,TomTaw.eWordAutomaticTeller.VLCPlayer.exe,2020-07-03 17:22:03,2.8,3.9948171013392493,140.18359375
3240,TomTaw.eWordAutomaticTeller.VLCPlayer.exe,2020-07-03 17:22:10,3.8,3.9955963172031943,140.2109375
3240,TomTaw.eWordAutomaticTeller.VLCPlayer.exe,2020-07-03 17:22:15,5.3,3.9955963172031943,140.2109375
3240,TomTaw.eWordAutomaticTeller.VLCPlayer.exe,2020-07-03 17:22:22,4.5,3.8685841313802474,135.75390625
3240,TomTaw.eWordAutomaticTeller.VLCPlayer.exe,2020-07-03 17:22:30,5.7,3.895411420410335,136.6953125
3240,TomTaw.eWordAutomaticTeller.VLCPlayer.exe,2020-07-03 17:22:34,2.8,3.904762010777669,137.0234375
3240,TomTaw.eWordAutomaticTeller.VLCPlayer.exe,2020-07-03 17:22:42,3.6,3.9215708101284705,137.61328125
3240,TomTaw.eWordAutomaticTeller.VLCPlayer.exe,2020-07-03 17:22:46,6.0,3.9309214004958037,137.94140625
3240,TomTaw.eWordAutomaticTeller.VLCPlayer.exe,2020-07-03 17:22:54,2.4,3.9482867826065657,138.55078125
3240,TomTaw.eWordAutomaticTeller.VLCPlayer.exe,2020-07-03 17:22:58,4.9,3.9544091929661294,138.765625
3240,TomTaw.eWordAutomaticTeller.VLCPlayer.exe,2020-07-03 17:23:08,4.6,3.9683237619651384,139.25390625
3240,TomTaw.eWordAutomaticTeller.VLCPlayer.exe,2020-07-03 17:23:12,0.7,3.978342251644424,139.60546875
3240,TomTaw.eWordAutomaticTeller.VLCPlayer.exe,2020-07-03 17:23:19,4.1,3.99214550409144,140.08984375
3240,TomTaw.eWordAutomaticTeller.VLCPlayer.exe,2020-07-03 17:23:24,4.9,3.99214550409144,140.08984375
3240,TomTaw.eWordAutomaticTeller.VLCPlayer.exe,2020-07-03 17:23:32,4.1,3.991477604779488,140.06640625
3240,TomTaw.eWordAutomaticTeller.VLCPlayer.exe,2020-07-03 17:23:37,5.3,3.991477604779488,140.06640625
3240,TomTaw.eWordAutomaticTeller.VLCPlayer.exe,2020-07-03 17:23:44,4.3,3.991477604779488,140.06640625
3240,TomTaw.eWordAutomaticTeller.VLCPlayer.exe,2020-07-03 17:23:49,2.8,3.991477604779488,140.06640625
3240,TomTaw.eWordAutomaticTeller.VLCPlayer.exe,2020-07-03 17:23:56,7.1,3.9911436551235115,140.0546875
3240,TomTaw.eWordAutomaticTeller.VLCPlayer.exe,2020-07-03 17:24:00,3.2,3.999381079970924,140.34375
3240,TomTaw.eWordAutomaticTeller.VLCPlayer.exe,2020-07-03 17:24:08,4.3,3.9994923965229163,140.34765625
3240,TomTaw.eWordAutomaticTeller.VLCPlayer.exe,2020-07-03 17:24:13,5.0,3.9994923965229163,140.34765625
3240,TomTaw.eWordAutomaticTeller.VLCPlayer.exe,2020-07-03 17:24:20,6.6,3.8331854678467705,134.51171875
3240,TomTaw.eWordAutomaticTeller.VLCPlayer.exe,2020-07-03 17:24:24,5.7,3.860903289292795,135.484375
3240,TomTaw.eWordAutomaticTeller.VLCPlayer.exe,2020-07-03 17:24:32,1.6,3.87248021069997,135.890625
3240,TomTaw.eWordAutomaticTeller.VLCPlayer.exe,2020-07-03 17:24:37,5.6,3.882943966587224,136.2578125
3240,TomTaw.eWordAutomaticTeller.VLCPlayer.exe,2020-07-03 17:24:44,5.4,3.8974151183461925,136.765625
3240,TomTaw.eWordAutomaticTeller.VLCPlayer.exe,2020-07-03 17:24:49,2.8,3.906320442505558,137.078125
3240,TomTaw.eWordAutomaticTeller.VLCPlayer.exe,2020-07-03 17:24:57,5.5,3.92045764460855,137.57421875
3240,TomTaw.eWordAutomaticTeller.VLCPlayer.exe,2020-07-03 17:25:04,4.2,3.9341495805035738,138.0546875
3240,TomTaw.eWordAutomaticTeller.VLCPlayer.exe,2020-07-03 17:25:09,1.1,3.9397154081031767,138.25
3240,TomTaw.eWordAutomaticTeller.VLCPlayer.exe,2020-07-03 17:25:17,4.7,3.9502904805424235,138.62109375
3240,TomTaw.eWordAutomaticTeller.VLCPlayer.exe,2020-07-03 17:25:22,4.3,3.9502904805424235,138.62109375
3240,TomTaw.eWordAutomaticTeller.VLCPlayer.exe,2020-07-03 17:25:29,3.0,3.949399948126487,138.58984375
3240,TomTaw.eWordAutomaticTeller.VLCPlayer.exe,2020-07-03 17:25:34,6.7,3.949399948126487,138.58984375
3240,TomTaw.eWordAutomaticTeller.VLCPlayer.exe,2020-07-03 17:25:40,1.6,3.949399948126487,138.58984375
3240,TomTaw.eWordAutomaticTeller.VLCPlayer.exe,2020-07-03 17:25:45,2.2,3.949399948126487,138.58984375
3240,TomTaw.eWordAutomaticTeller.VLCPlayer.exe,2020-07-03 17:25:50,4.8,3.9489546819185186,138.57421875
3240,TomTaw.eWordAutomaticTeller.VLCPlayer.exe,2020-07-03 17:25:55,5.3,3.9505131136464073,138.62890625
3240,TomTaw.eWordAutomaticTeller.VLCPlayer.exe,2020-07-03 17:26:02,3.2,3.96086555298167,138.9921875
3240,TomTaw.eWordAutomaticTeller.VLCPlayer.exe,2020-07-03 17:26:06,2.8,3.961756085397606,139.0234375
3240,TomTaw.eWordAutomaticTeller.VLCPlayer.exe,2020-07-03 17:26:13,6.1,3.963425833677487,139.08203125
3240,TomTaw.eWordAutomaticTeller.VLCPlayer.exe,2020-07-03 17:26:18,2.8,3.963425833677487,139.08203125
3240,TomTaw.eWordAutomaticTeller.VLCPlayer.exe,2020-07-03 17:26:25,5.7,3.871700994836025,135.86328125
3240,TomTaw.eWordAutomaticTeller.VLCPlayer.exe,2020-07-03 17:26:33,5.4,3.885392930731049,136.34375
3240,TomTaw.eWordAutomaticTeller.VLCPlayer.exe,2020-07-03 17:26:37,1.8,3.8942982548904146,136.65625
3240,TomTaw.eWordAutomaticTeller.VLCPlayer.exe,2020-07-03 17:26:46,5.4,3.9112183707932084,137.25
3240,TomTaw.eWordAutomaticTeller.VLCPlayer.exe,2020-07-03 17:26:50,5.3,3.918676579776677,137.51171875
3240,TomTaw.eWordAutomaticTeller.VLCPlayer.exe,2020-07-03 17:26:58,3.0,3.936153278439431,138.125
3240,TomTaw.eWordAutomaticTeller.VLCPlayer.exe,2020-07-03 17:27:03,4.9,3.9456151853587564,138.45703125
3240,TomTaw.eWordAutomaticTeller.VLCPlayer.exe,2020-07-03 17:27:10,2.9,3.953963926758161,138.75
3240,TomTaw.eWordAutomaticTeller.VLCPlayer.exe,2020-07-03 17:27:14,5.3,3.967321912997209,139.21875
3240,TomTaw.eWordAutomaticTeller.VLCPlayer.exe,2020-07-03 17:27:22,4.8,3.9731103737007967,139.421875
3240,TomTaw.eWordAutomaticTeller.VLCPlayer.exe,2020-07-03 17:27:27,2.5,3.9727764240448202,139.41015625
3240,TomTaw.eWordAutomaticTeller.VLCPlayer.exe,2020-07-03 17:27:35,5.6,3.973333006804781,139.4296875
3240,TomTaw.eWordAutomaticTeller.VLCPlayer.exe,2020-07-03 17:27:39,6.4,3.973333006804781,139.4296875
3240,TomTaw.eWordAutomaticTeller.VLCPlayer.exe,2020-07-03 17:27:48,2.8,3.9723311578368525,139.39453125
3240,TomTaw.eWordAutomaticTeller.VLCPlayer.exe,2020-07-03 17:27:52,3.9,3.971997208180876,139.3828125
3240,TomTaw.eWordAutomaticTeller.VLCPlayer.exe,2020-07-03 17:28:00,5.4,3.9802346330282887,139.671875
3240,TomTaw.eWordAutomaticTeller.VLCPlayer.exe,2020-07-03 17:28:04,2.1,3.9802346330282887,139.671875
3240,TomTaw.eWordAutomaticTeller.VLCPlayer.exe,2020-07-03 17:28:11,6.0,3.9802346330282887,139.671875
3240,TomTaw.eWordAutomaticTeller.VLCPlayer.exe,2020-07-03 17:28:16,2.5,3.9802346330282887,139.671875
3240,TomTaw.eWordAutomaticTeller.VLCPlayer.exe,2020-07-03 17:28:23,7.5,3.8693633472441915,135.78125
3240,TomTaw.eWordAutomaticTeller.VLCPlayer.exe,2020-07-03 17:28:27,2.5,3.888287161082843,136.4453125
3240,TomTaw.eWordAutomaticTeller.VLCPlayer.exe,2020-07-03 17:28:35,6.0,3.9039827949137242,136.99609375
3240,TomTaw.eWordAutomaticTeller.VLCPlayer.exe,2020-07-03 17:28:39,3.5,3.9147805004569545,137.375
3240,TomTaw.eWordAutomaticTeller.VLCPlayer.exe,2020-07-03 17:28:46,4.7,3.927581903936042,137.82421875
3240,TomTaw.eWordAutomaticTeller.VLCPlayer.exe,2020-07-03 17:28:51,4.6,3.9353740625754865,138.09765625
3240,TomTaw.eWordAutomaticTeller.VLCPlayer.exe,2020-07-03 17:28:58,2.4,3.9481754660545745,138.546875
3240,TomTaw.eWordAutomaticTeller.VLCPlayer.exe,2020-07-03 17:29:02,6.3,3.9565242074539793,138.83984375
3240,TomTaw.eWordAutomaticTeller.VLCPlayer.exe,2020-07-03 17:29:09,2.2,3.9676558626531855,139.23046875
3240,TomTaw.eWordAutomaticTeller.VLCPlayer.exe,2020-07-03 17:29:14,4.6,3.979900683372313,139.66015625
3240,TomTaw.eWordAutomaticTeller.VLCPlayer.exe,2020-07-03 17:29:22,6.1,3.98891732408367,139.9765625
3240,TomTaw.eWordAutomaticTeller.VLCPlayer.exe,2020-07-03 17:29:30,2.9,3.98891732408367,139.9765625
3240,TomTaw.eWordAutomaticTeller.VLCPlayer.exe,2020-07-03 17:29:35,2.1,3.98891732408367,139.9765625
3240,TomTaw.eWordAutomaticTeller.VLCPlayer.exe,2020-07-03 17:29:42,6.6,3.98891732408367,139.9765625
3240,TomTaw.eWordAutomaticTeller.VLCPlayer.exe,2020-07-03 17:29:50,3.5,3.987581525459765,139.9296875
3240,TomTaw.eWordAutomaticTeller.VLCPlayer.exe,2020-07-03 17:29:55,2.1,3.987692842011757,139.93359375
3240,TomTaw.eWordAutomaticTeller.VLCPlayer.exe,2020-07-03 17:30:04,5.2,3.997043432379091,140.26171875
3240,TomTaw.eWordAutomaticTeller.VLCPlayer.exe,2020-07-03 17:30:08,3.5,3.9974886985870586,140.27734375
3240,TomTaw.eWordAutomaticTeller.VLCPlayer.exe,2020-07-03 17:30:16,3.6,3.9974886985870586,140.27734375
3240,TomTaw.eWordAutomaticTeller.VLCPlayer.exe,2020-07-03 17:30:20,5.0,3.9264687384161214,137.78515625
3240,TomTaw.eWordAutomaticTeller.VLCPlayer.exe,2020-07-03 17:30:28,7.2,3.8660238506844293,135.6640625
3240,TomTaw.eWordAutomaticTeller.VLCPlayer.exe,2020-07-03 17:30:35,1.9,3.8839458155551525,136.29296875
3240,TomTaw.eWordAutomaticTeller.VLCPlayer.exe,2020-07-03 17:30:40,5.3,3.8934077224744774,136.625
3240,TomTaw.eWordAutomaticTeller.VLCPlayer.exe,2020-07-03 17:30:47,4.6,3.906877025265518,137.09765625
3240,TomTaw.eWordAutomaticTeller.VLCPlayer.exe,2020-07-03 17:30:52,2.4,3.9176747308087485,137.4765625
3240,TomTaw.eWordAutomaticTeller.VLCPlayer.exe,2020-07-03 17:30:59,5.6,3.9263574218641297,137.78125
3240,TomTaw.eWordAutomaticTeller.VLCPlayer.exe,2020-07-03 17:31:04,1.9,3.937489077063336,138.171875
3240,TomTaw.eWordAutomaticTeller.VLCPlayer.exe,2020-07-03 17:31:09,5.7,3.9419417391430187,138.328125
3240,TomTaw.eWordAutomaticTeller.VLCPlayer.exe,2020-07-03 17:31:13,1.4,3.9521828619262886,138.6875
3240,TomTaw.eWordAutomaticTeller.VLCPlayer.exe,2020-07-03 17:31:20,4.8,3.9654295316133443,139.15234375
3240,TomTaw.eWordAutomaticTeller.VLCPlayer.exe,2020-07-03 17:31:25,3.2,3.9654295316133443,139.15234375
3240,TomTaw.eWordAutomaticTeller.VLCPlayer.exe,2020-07-03 17:31:33,4.0,3.9650955819573683,139.140625
3240,TomTaw.eWordAutomaticTeller.VLCPlayer.exe,2020-07-03 17:31:37,6.7,3.9650955819573683,139.140625
3240,TomTaw.eWordAutomaticTeller.VLCPlayer.exe,2020-07-03 17:31:45,2.6,3.964872948853384,139.1328125
3240,TomTaw.eWordAutomaticTeller.VLCPlayer.exe,2020-07-03 17:31:50,4.2,3.964872948853384,139.1328125
3240,TomTaw.eWordAutomaticTeller.VLCPlayer.exe,2020-07-03 17:31:57,6.0,3.9645389991974076,139.12109375
3240,TomTaw.eWordAutomaticTeller.VLCPlayer.exe,2020-07-03 17:32:01,1.8,3.971217992316932,139.35546875
3240,TomTaw.eWordAutomaticTeller.VLCPlayer.exe,2020-07-03 17:32:10,6.1,3.971217992316932,139.35546875
3240,TomTaw.eWordAutomaticTeller.VLCPlayer.exe,2020-07-03 17:32:14,4.2,3.971217992316932,139.35546875
3240,TomTaw.eWordAutomaticTeller.VLCPlayer.exe,2020-07-03 17:32:22,5.6,3.8502169003015565,135.109375
3240,TomTaw.eWordAutomaticTeller.VLCPlayer.exe,2020-07-03 17:32:26,5.7,3.870476512764112,135.8203125
3240,TomTaw.eWordAutomaticTeller.VLCPlayer.exe,2020-07-03 17:32:33,3.9,3.8826100169312476,136.24609375
3240,TomTaw.eWordAutomaticTeller.VLCPlayer.exe,2020-07-03 17:32:38,3.9,3.894632204546391,136.66796875
3240,TomTaw.eWordAutomaticTeller.VLCPlayer.exe,2020-07-03 17:32:44,5.8,3.908769406649383,137.1640625
3240,TomTaw.eWordAutomaticTeller.VLCPlayer.exe,2020-07-03 17:32:53,3.4,3.927693220488034,137.828125
3240,TomTaw.eWordAutomaticTeller.VLCPlayer.exe,2020-07-03 17:32:57,3.9,3.9327024653276768,138.00390625
3240,TomTaw.eWordAutomaticTeller.VLCPlayer.exe,2020-07-03 17:33:05,4.3,3.946394401222701,138.484375
3240,TomTaw.eWordAutomaticTeller.VLCPlayer.exe,2020-07-03 17:33:10,0.7,3.952516811582264,138.69921875
3240,TomTaw.eWordAutomaticTeller.VLCPlayer.exe,2020-07-03 17:33:18,3.6,3.9746688054286854,139.4765625
3240,TomTaw.eWordAutomaticTeller.VLCPlayer.exe,2020-07-03 17:33:22,4.9,3.9747801219806775,139.48046875
3240,TomTaw.eWordAutomaticTeller.VLCPlayer.exe,2020-07-03 17:33:30,1.9,3.9741122226687255,139.45703125
3240,TomTaw.eWordAutomaticTeller.VLCPlayer.exe,2020-07-03 17:33:35,6.7,3.9742235392207172,139.4609375
3240,TomTaw.eWordAutomaticTeller.VLCPlayer.exe,2020-07-03 17:33:42,4.1,3.9746688054286854,139.4765625
3240,TomTaw.eWordAutomaticTeller.VLCPlayer.exe,2020-07-03 17:33:47,2.5,3.9746688054286854,139.4765625
3240,TomTaw.eWordAutomaticTeller.VLCPlayer.exe,2020-07-03 17:33:55,6.2,3.9753367047406383,139.5
3240,TomTaw.eWordAutomaticTeller.VLCPlayer.exe,2020-07-03 17:34:00,2.5,3.983574129588051,139.7890625
3240,TomTaw.eWordAutomaticTeller.VLCPlayer.exe,2020-07-03 17:34:07,2.9,3.983574129588051,139.7890625
3240,TomTaw.eWordAutomaticTeller.VLCPlayer.exe,2020-07-03 17:34:12,4.3,3.984353345451995,139.81640625
3240,TomTaw.eWordAutomaticTeller.VLCPlayer.exe,2020-07-03 17:34:19,3.0,3.983796762692035,139.796875
3240,TomTaw.eWordAutomaticTeller.VLCPlayer.exe,2020-07-03 17:34:24,6.4,3.8558940444531515,135.30859375
3240,TomTaw.eWordAutomaticTeller.VLCPlayer.exe,2020-07-03 17:34:32,4.2,3.885392930731049,136.34375
3240,TomTaw.eWordAutomaticTeller.VLCPlayer.exe,2020-07-03 17:34:37,7.4,3.8960793197222876,136.71875
3240,TomTaw.eWordAutomaticTeller.VLCPlayer.exe,2020-07-03 17:34:44,2.4,3.909325989409343,137.18359375
3240,TomTaw.eWordAutomaticTeller.VLCPlayer.exe,2020-07-03 17:34:48,6.7,3.918008680464724,137.48828125
3240,TomTaw.eWordAutomaticTeller.VLCPlayer.exe,2020-07-03 17:34:55,3.7,3.9324798322236925,137.99609375
3240,TomTaw.eWordAutomaticTeller.VLCPlayer.exe,2020-07-03 17:35:02,3.0,3.942832271558955,138.359375
3240,TomTaw.eWordAutomaticTeller.VLCPlayer.exe,2020-07-03 17:35:07,5.7,3.9497338977824628,138.6015625
3240,TomTaw.eWordAutomaticTeller.VLCPlayer.exe,2020-07-03 17:35:14,3.1,3.964205049541431,139.109375
3240,TomTaw.eWordAutomaticTeller.VLCPlayer.exe,2020-07-03 17:35:22,2.8,3.9659861143733046,139.171875
3240,TomTaw.eWordAutomaticTeller.VLCPlayer.exe,2020-07-03 17:35:26,7.0,4.004056375154591,140.5078125
